<?xml version="1.0" encoding="UTF-8"?>
<!DOCTYPE mapper
 PUBLIC "-//mybatis.org//DTD Mapper 3.0//EN"
 "http://mybatis.org/dtd/mybatis-3-mapper.dtd">
<mapper namespace="mystoreSQL">

	<insert id="insertSeller" parameterType="String">
		insert into seller(userId, marketname, marketdate) values(#{userId}, #{userId} || '님의 상점', sysdate)
	</insert>

	<update id="profileImgModify" parameterType="seller">
		update seller set
		pf_photo=#{pf_photo}
	</update>

	<select id="getMystore" parameterType="String" resultType="seller">
		select *
		from seller where userid=#{userid}
	</select>

	<update id="mystoreHitUpdate" parameterType="String">
		update seller set
		markethit=markethit+1 where userid=#{userid}
	</update>

	<update id="mystoreModify" parameterType="java.util.Map">
		update seller set
		marketname=#{marketname} , pf_content=#{pf_content}
	</update>

	<select id="getMystoreItemList" parameterType="java.util.Map"
		resultType="item">
		select * from
		(select rownum rn,tt.* from
		(select * from item where
		userid=#{userid} order by logtime desc)tt
		)where rn <![CDATA[>=]]>#{startNum}
		and rn <![CDATA[<=]]>
		#{endNum}
	</select>

	<select id="getMystoreWishList" parameterType="java.util.Map"
		resultType="wish">
		select * from
		(select rownum rn,tt.* from
		(select
		item_subject,img1,item_price, logtime,item_location
		from wishlist
		w,item t
		where t.item_seq=w.item_seq and w.userid=#{userid} order by
		w.wishlist_seq)tt
		)where rn <![CDATA[>=]]>#{startNum}
		and rn <![CDATA[<=]]>
		#{endNum}
	</select>


	<delete id="wishListDelete" parameterType="java.util.Map">
		delete from wishlist
		where userid=#{userid} and itemnum=#{item_seq}
	</delete>

	<select id="getMystoreReviewList" parameterType="java.util.Map"
		resultType="review">
		select * from
		(select rownum rn,tt.* from
		(select reviewwriter,
		reviewstamp,reviewsubject,img1,img2,img3,reviewcontent,reviewlogtime,itemnum
		from review r,seller s
		where s.userid=r.sellerid and
		r.sellerid=#{userid} order by r.reviewlogtime desc)tt
		)where rn <![CDATA[>=]]>#{startNum}
		and rn <![CDATA[<=]]>
		#{endNum}
	</select>

	<select id="getMystoreItemCnt" parameterType="String"
		resultType="String">
		select count(*) from item where userid=#{userid}
	</select>

	<select id="getMystoreWishCnt" parameterType="String"
		resultType="String">
		select count(*) from wishlist where userid=#{userid}
	</select>

	<select id="getMystoreReviewCnt" parameterType="String"
		resultType="String">
		select count(*) from review where sellerid=#{sellerid}
	</select>

	<select id="getMystoreItemPopularList"
		parameterType="java.util.Map" resultType="item">

		select * from
		(select rownum rn,tt.* from
		(select * from item where
		userid=#{userid} order by hit desc)tt
		)where rn <![CDATA[>=]]>#{startNum}
		and rn <![CDATA[<=]]>
		#{endNum}
	</select>

	<select id="getMystoreItemlowerPriceList"
		parameterType="java.util.Map" resultType="item">
		select * from
		(select rownum rn,tt.* from
		(select * from item where
		userid=#{userid} order by to_number(item_price))tt
		)where rn <![CDATA[>=]]>#{startNum}
		and rn <![CDATA[<=]]>
		#{endNum}
	</select>

	<select id="getMystoreItemHighestPriceList"
		parameterType="java.util.Map" resultType="item">
		select * from
		(select rownum rn,tt.* from
		(select * from item where
		userid=#{userid} order by to_number(item_price) desc)tt
		)where rn <![CDATA[>=]]>#{startNum}
		and rn <![CDATA[<=]]>
		#{endNum}
	</select>

	<select id="getMystoreWishPopularList"
		parameterType="java.util.Map" resultType="wish">
		select * from
		(select rownum rn,tt.* from
		(select item_seq,
		itemsubject,img1,item_price, logtime,item_location
		from wishlist w,item
		t
		where t.item_seq=w.itemnum and w.userid=#{userid} order by
		t.hit
		desc)tt
		)where rn <![CDATA[>=]]>#{startNum}
		and rn <![CDATA[<=]]>
		#{endNum}
	</select>

	<select id="getMystoreWishLowerPriceList"
		parameterType="java.util.Map" resultType="wish">
		select * from
		(select rownum rn,tt.* from
		(select item_seq,
		itemsubject,img1,item_price, logtime,item_location
		from wishlist w,item
		t
		where t.item_seq=w.itemnum and w.userid=#{userid} order by
		to_number(t.item_price))tt
		)where rn <![CDATA[>=]]>#{startNum}
		and rn <![CDATA[<=]]>
		#{endNum}
	</select>

	<select id="getMystoreWishHighestPriceList"
		parameterType="java.util.Map" resultType="wish">
		select * from
		(select rownum rn,tt.* from
		(select item_seq,
		itemsubject,img1,item_price, logtime,item_location
		from wishlist w,item
		t
		where t.item_seq=w.itemnum and w.userid=#{userid} order by
		to_number(t.item_price) desc)tt
		)where rn <![CDATA[>=]]>#{startNum}
		and rn <![CDATA[<=]]>
		#{endNum}
	</select>

	<select id="getUserCnt" resultType="Integer">
		select count(*) from
		usertable
	</select>

	<select id="getItemCnt" resultType="Integer">
		select count(*) from item
	</select>

	<select id="getReportList" resultType="report">
		select count(userid) as countreport,userid 
		from countreport
		group by userid
		order by count(userid) desc
	</select>
	
	<select id="getTotalA" resultType="int">
	select count(*) from countreport
	</select>
	
	<select id="getReport" resultType="report">
		select * from pm_report where userid=#{userid} order by report_seq
	</select>
	
	<select id="getReportTarget" resultType="String">
		select userid from countreport group by userid having count(userid)>=3
	</select>
	
	<insert id="noticeWrite" parameterType="java.util.Map">
		insert into notice values(notice_seq.nextval,#{noticeSubject},#{noticeContent},sysdate)
	</insert>
</mapper>