<?xml version="1.0" encoding="UTF-8"?>
<!DOCTYPE configuration  PUBLIC "-//mybatis.org//DTD Config 3.0//EN" "http://mybatis.org/dtd/mybatis-3-config.dtd">
<configuration>
	<typeAliases>

		<typeAlias type="board.bean.ReviewDTO" alias="review" />
		<typeAlias type="board.bean.WishDTO" alias="wish"/>
		<typeAlias type="member.bean.SellerDTO" alias="seller" />
		<typeAlias type="member.bean.RecentlyDTO" alias="recently" />
	
		<typeAlias type="member.bean.MemberDTO" alias="member"/>
		<typeAlias type="member.bean.ZipcodeDTO" alias="zipcode"/>

		<typeAlias type="board.bean.ItemDTO" alias="item" />
		<typeAlias type="board.bean.CommentDTO" alias="comment" />
		<typeAlias type="board.bean.WishlistDTO" alias="wishlist" />

		<typeAlias type="board.bean.ReportDTO" alias="report" />

		
		<typeAlias type="talk.bean.TalkRoomDTO" alias="talkRoom"/>
		<typeAlias type="talk.bean.MessageDTO" alias="message"/>
		
		<typeAlias type="board.bean.SearchDTO" alias="search"/>
		
		<typeAlias type="board.bean.NoticeDTO" alias="notice"/>

		<typeAlias type="board.bean.QnaDTO" alias="qna"/>
	</typeAliases>

</configuration>