<?xml version="1.0" encoding="UTF-8"?>
<beans:beans xmlns="http://www.springframework.org/schema/mvc"
	xmlns:xsi="http://www.w3.org/2001/XMLSchema-instance"
	xmlns:beans="http://www.springframework.org/schema/beans"
	xmlns:context="http://www.springframework.org/schema/context"
	xmlns:websocket="http://www.springframework.org/schema/websocket"
	xsi:schemaLocation="http://www.springframework.org/schema/websocket http://www.springframework.org/schema/websocket/spring-websocket-4.3.xsd
		http://www.springframework.org/schema/mvc https://www.springframework.org/schema/mvc/spring-mvc.xsd
		http://www.springframework.org/schema/beans https://www.springframework.org/schema/beans/spring-beans.xsd
		http://www.springframework.org/schema/context https://www.springframework.org/schema/context/spring-context.xsd">

	<!-- DispatcherServlet Context: defines this servlet's request-processing infrastructure -->

	
	<context:component-scan base-package="member.controller"/>
	<context:component-scan base-package="board.controller"/>
	<context:component-scan base-package="hello.controller"/>
	<context:component-scan base-package="talk.controller"/>


	<!-- Enables the Spring MVC @Controller programming model -->
	<annotation-driven />

	<!-- Handles HTTP GET requests for /resources/** by efficiently serving up static resources in the ${webappRoot}/resources directory -->
	<resources mapping="/resources/**" location="/resources/" />
	<resources location="/image/" mapping="/image/**"/>
	<resources location="/css/" mapping="/css/**"/>
	<resources location="/font/" mapping="/font/**"/>
	<resources location="/js/" mapping="/js/**"/>
	<resources location="/item/" mapping="/item/**"/>
	<resources location="/talk/" mapping="/talk/**"/>
	<resources location="/storage/" mapping="/storage/**"/>

	<resources location="/pm_itemView/" mapping="/pm_itemView/**"/>
	<resources location="/pm_mystore/" mapping="/pm_mystore/**"/>
	

	<!-- Resolves views selected for rendering by @Controllers to .jsp resources in the /WEB-INF/views directory -->
   <beans:bean class="org.springframework.web.servlet.view.InternalResourceViewResolver">
      <beans:property name="suffix" value=".jsp" />
   </beans:bean>

	<!-- json -->
 	<beans:bean id="jsonView" class="org.springframework.web.servlet.view.json.MappingJackson2JsonView">
		<beans:property name="contentType" value="text/html;charset=UTF-8"/>
	</beans:bean> 
	
	<!-- Resolves views -->
	<beans:bean id="beanNameViewResolver" class="org.springframework.web.servlet.view.BeanNameViewResolver">
		<beans:property name="order" value="0"/>
	</beans:bean>


	<!-- Resolves views selected for rendering by @Controllers to .jsp resources in the /WEB-INF/views directory -->
	<beans:bean class="org.springframework.web.servlet.view.InternalResourceViewResolver">
		<beans:property name="suffix" value=".jsp" />
	</beans:bean>
	
	<!-- fileupload -->
	<beans:bean id="multipartResolver" class="org.springframework.web.multipart.commons.CommonsMultipartResolver">
		<beans:property name="maxUploadSize" value="20000000"/> <!-- 20MB -->
	</beans:bean>

	<!-- 웹소켓 -->
	<beans:bean id="talkHandler" class="talk.handler.TalkHandler"></beans:bean>
	
	<websocket:handlers>
		<websocket:mapping handler="talkHandler" path="/talk-ws" /> <!-- path에 요청이 오면 talkHandler를 처리하겠다. -->
		<websocket:handshake-interceptors>
	         <beans:bean class="org.springframework.web.socket.server.support.HttpSessionHandshakeInterceptor" /> <!-- Http의 Session을 낚아채서 websocket으로 가져온다. -->
	    </websocket:handshake-interceptors>
		<websocket:sockjs />
	</websocket:handlers>
	
</beans:beans>
