<?xml version="1.0" encoding="UTF-8"?>
<beans xmlns="http://www.springframework.org/schema/beans"
	xmlns:xsi="http://www.w3.org/2001/XMLSchema-instance"
	xmlns:context="http://www.springframework.org/schema/context"
	xsi:schemaLocation="http://www.springframework.org/schema/beans https://www.springframework.org/schema/beans/spring-beans.xsd
		http://www.springframework.org/schema/context http://www.springframework.org/schema/context/spring-context-4.3.xsd">
	
	<!-- Root Context: defines shared resources visible to all other web components -->

	<context:component-scan base-package="board.bean"/>
	<context:component-scan base-package="board.dao"/>
	<context:component-scan base-package="board.service"/>
	


	<context:component-scan base-package="member.service"/>
	<context:component-scan base-package="member.dao"/>
	<context:component-scan base-package="member.bean"/>

	<context:component-scan base-package="spring.conf"/>
	<context:component-scan base-package="pmang.conf"/>


	
	<!-- 회원가입 메일 인증 -->
	<bean id="mailSender"	class="org.springframework.mail.javamail.JavaMailSenderImpl">
		<property name="host" value="smtp.gmail.com" />
		<property name="port" value="587" /><!-- 465 or 25 -->
		<property name="username" value="kimys8894@gmail.com" />
		<property name="password" value="puppy190407" />
		<property name="defaultEncoding" value="utf-8" />
		<property name="javaMailProperties">
			<props>
				<prop key="mail.transport.protocol">smtp</prop>
				<prop key="mail.smtp.auth">true</prop>
				<prop key="mail.smtp.starttls.enable">true</prop>
				<prop key="mail.debug">true</prop>
			</props>
		</property>
	</bean>

	<context:component-scan base-package="data.url"/>
	
	<context:component-scan base-package="talk.service"/>
	<context:component-scan base-package="talk.dao"/>
</beans>
